item_id,rarity,item_power,item_level,gross_bp,effect_reserved_bp,attack,hp,defense,attack_speed_pct,crit_pp,skill_haste,tenacity
ITEM_W_001,COMUM,20,10,1.824,0.0,0.1973,0.0,0.0627,0.0,0.0,0.0,0.0
ITEM_W_001,INCOMUM,20,10,2.736,0.2736,0.2664,0.0,0.0846,0.0,0.0,0.0,0.0
ITEM_W_001,RARO,20,10,3.648,0.7296,0.3157,0.0,0.1003,0.0,0.0,0.0,0.0
ITEM_W_001,EPICO,20,10,4.56,1.596,0.3207,0.0,0.1019,0.0,0.0,0.0,0.0
ITEM_W_002,INCOMUM,20,10,2.736,0.2736,0.2474,0.0,0.0,0.0,0.3016,0.0,0.0
ITEM_W_002,RARO,20,10,3.648,0.7296,0.2932,0.0,0.0,0.0,0.3575,0.0,0.0
ITEM_W_002,EPICO,20,10,4.56,1.596,0.2977,0.0,0.0,0.0,0.3631,0.0,0.0
ITEM_W_003,RARO,20,10,3.648,0.7296,0.2706,0.0,0.1337,0.0,0.0,0.0,0.0
ITEM_W_003,EPICO,20,10,4.56,1.596,0.2748,0.0,0.1358,0.0,0.0,0.0,0.0
ITEM_W_004,RARO,20,10,3.648,0.7296,0.2481,0.0,0.0,0.3502,0.2554,0.0,0.0
ITEM_W_004,EPICO,20,10,4.56,1.596,0.2519,0.0,0.0,0.3557,0.2594,0.0,0.0
ITEM_W_005,RELIQUIA,20,10,5.472,2.736,0.2326,0.0,0.0,0.3283,0.2394,0.0,0.0
ITEM_W_006,COMUM,20,10,1.824,0.0,0.1973,0.0,0.0,0.0,0.0,0.6566,0.0
ITEM_W_006,INCOMUM,20,10,2.736,0.2736,0.2664,0.0,0.0,0.0,0.0,0.8865,0.0
ITEM_W_006,RARO,20,10,3.648,0.7296,0.3157,0.0,0.0,0.0,0.0,1.0506,0.0
ITEM_W_006,EPICO,20,10,4.56,1.596,0.3207,0.0,0.0,0.0,0.0,1.067,0.0
ITEM_S_001,COMUM,20,10,1.52,0.0,0.0,1.0073,0.0958,0.0,0.0,0.0,0.0
ITEM_S_001,INCOMUM,20,10,2.28,0.228,0.0,1.3599,0.1293,0.0,0.0,0.0,0.0
ITEM_S_001,RARO,20,10,3.04,0.608,0.0,1.6118,0.1532,0.0,0.0,0.0,0.0
ITEM_S_001,EPICO,20,10,3.8,1.33,0.0,1.6369,0.1556,0.0,0.0,0.0,0.0
ITEM_S_002,INCOMUM,20,10,2.28,0.228,0.111,0.0,0.0,0.0,0.0,1.6006,0.0
ITEM_S_002,RARO,20,10,3.04,0.608,0.1315,0.0,0.0,0.0,0.0,1.897,0.0
ITEM_S_002,EPICO,20,10,3.8,1.33,0.1336,0.0,0.0,0.0,0.0,1.9266,0.0
ITEM_S_003,RARO,20,10,3.04,0.608,0.0,0.0,0.1114,0.0,0.0,0.0,2.1888
ITEM_S_003,EPICO,20,10,3.8,1.33,0.0,0.0,0.1132,0.0,0.0,0.0,2.223
ITEM_S_004,EPICO,20,10,3.8,1.33,0.1909,0.0,0.0,0.0,0.0,1.482,0.0
ITEM_S_005,RELIQUIA,20,10,4.56,2.28,0.1409,1.0073,0.0,0.0,0.0,0.8208,0.0
ITEM_S_006,COMUM,20,10,1.52,0.0,0.1527,0.0,0.0,0.0,0.1862,0.0,0.0
ITEM_S_006,INCOMUM,20,10,2.28,0.228,0.2061,0.0,0.0,0.0,0.2514,0.0,0.0
ITEM_S_006,RARO,20,10,3.04,0.608,0.2443,0.0,0.0,0.0,0.2979,0.0,0.0
ITEM_S_006,EPICO,20,10,3.8,1.33,0.2481,0.0,0.0,0.0,0.3026,0.0,0.0
ITEM_S_007,COMUM,20,10,1.52,0.0,0.0,1.2312,0.0,0.0,0.0,0.8208,0.0
ITEM_S_007,INCOMUM,20,10,2.28,0.228,0.0,1.6621,0.0,0.0,0.0,1.1081,0.0
ITEM_S_007,RARO,20,10,3.04,0.608,0.0,1.9699,0.0,0.0,0.0,1.3133,0.0
ITEM_S_007,EPICO,20,10,3.8,1.33,0.0,2.0007,0.0,0.0,0.0,1.3338,0.0
ITEM_A_001,COMUM,20,10,1.824,0.0,0.0,1.8804,0.0627,0.0,0.0,0.0,0.0
ITEM_A_001,INCOMUM,20,10,2.736,0.2736,0.0,2.5385,0.0846,0.0,0.0,0.0,0.0
ITEM_A_001,RARO,20,10,3.648,0.7296,0.0,3.0086,0.1003,0.0,0.0,0.0,0.0
ITEM_A_001,EPICO,20,10,4.56,1.596,0.0,3.0556,0.1019,0.0,0.0,0.0,0.0
ITEM_A_002,INCOMUM,20,10,2.736,0.2736,0.0,2.1759,0.1128,0.0,0.0,0.0,0.0
ITEM_A_002,RARO,20,10,3.648,0.7296,0.0,2.5788,0.1337,0.0,0.0,0.0,0.0
ITEM_A_002,EPICO,20,10,4.56,1.596,0.0,2.6191,0.1358,0.0,0.0,0.0,0.0
ITEM_A_003,RARO,20,10,3.648,0.7296,0.0,1.2894,0.234,0.0,0.0,0.0,0.0
ITEM_A_003,EPICO,20,10,4.56,1.596,0.0,1.3095,0.2377,0.0,0.0,0.0,0.0
ITEM_A_004,EPICO,20,10,4.56,1.596,0.0,2.1826,0.1698,0.0,0.0,0.0,0.0
ITEM_A_005,RELIQUIA,20,10,5.472,2.736,0.0,2.2162,0.141,0.0,0.0,0.0,0.0
ITEM_R_001,COMUM,20,10,1.368,0.0,0.0,1.0073,0.0,0.0,0.0,0.8208,0.0
ITEM_R_001,INCOMUM,20,10,2.052,0.2052,0.0,1.3599,0.0,0.0,0.0,1.1081,0.0
ITEM_R_001,RARO,20,10,2.736,0.5472,0.0,1.6118,0.0,0.0,0.0,1.3133,0.0
ITEM_R_002,INCOMUM,20,10,2.052,0.2052,0.0,0.0,0.0,0.0,0.0,1.4405,0.9696
ITEM_R_002,RARO,20,10,2.736,0.5472,0.0,0.0,0.0,0.0,0.0,1.7073,1.1491
ITEM_R_002,EPICO,20,10,3.42,1.197,0.0,0.0,0.0,0.0,0.0,1.7339,1.1671
ITEM_R_003,INCOMUM,20,10,2.052,0.2052,0.1427,1.3599,0.0,0.0,0.0,0.0,0.0
ITEM_R_003,RARO,20,10,2.736,0.5472,0.1691,1.6118,0.0,0.0,0.0,0.0,0.0
ITEM_R_003,EPICO,20,10,3.42,1.197,0.1718,1.6369,0.0,0.0,0.0,0.0,0.0
ITEM_R_004,RARO,20,10,2.736,0.5472,0.1353,0.0,0.0,0.0,0.4596,0.0,0.0
ITEM_R_005,RARO,20,10,2.736,0.5472,0.1015,0.0,0.0,0.0,0.0,1.8386,0.0
ITEM_R_005,EPICO,20,10,3.42,1.197,0.1031,0.0,0.0,0.0,0.0,1.8673,0.0
ITEM_R_006,RARO,20,10,2.736,0.5472,0.203,0.0,0.0,0.0,0.3064,0.0,0.0
ITEM_R_006,EPICO,20,10,3.42,1.197,0.2061,0.0,0.0,0.0,0.3112,0.0,0.0
ITEM_R_007,RARO,20,10,2.736,0.5472,0.0,2.0953,0.0878,0.0,0.0,0.0,0.0
ITEM_R_007,EPICO,20,10,3.42,1.197,0.0,2.128,0.0891,0.0,0.0,0.0,0.0
ITEM_R_008,EPICO,20,10,3.42,1.197,0.0,1.8006,0.0,0.0,0.0,1.2004,0.0
ITEM_R_009,EPICO,20,10,3.42,1.197,0.0,2.128,0.0,0.0,0.0,0.9337,0.0
ITEM_R_010,EPICO,20,10,3.42,1.197,0.2405,0.0,0.0,0.0,0.0,0.8003,0.0
ITEM_E_001,RARO,20,10,3.04,0.608,0.0,2.5072,0.0836,0.0,0.0,0.0,0.0
ITEM_E_002,RARO,20,10,3.04,0.608,0.0,1.4327,0.0,0.0,0.0,1.751,0.0
ITEM_E_003,EPICO,20,10,3.8,1.33,0.1527,1.0913,0.0,0.0,0.0,0.8892,0.0
ITEM_E_004,RELIQUIA,20,10,4.56,2.28,0.1409,0.0,0.0,0.0,0.0,1.6416,0.0
ITEM_E_005,MEMORIA,20,10,4.56,2.736,0.0,1.6118,0.0,0.0,0.0,0.8755,0.0
